{
  "train_loss": [
    12238.550725,
    9913.528348,
    7179.972428,
    4517.726035,
    2283.626065,
    872.724519,
    515.216001,
    481.999999,
    423.927917,
    414.644593,
    404.152348,
    390.924651,
    405.53696,
    363.54106,
    352.217777,
    362.739302,
    340.672155,
    338.291855,
    343.88285,
    338.672188,
    325.22773,
    321.842434,
    312.548038,
    316.962896,
    315.603354,
    314.758199,
    322.189689,
    294.403546,
    297.672191,
    283.683376,
    289.487076,
    298.918591,
    294.486257,
    283.999668,
    278.94283,
    284.426542,
    273.096362,
    259.330655,
    256.695912,
    253.957851,
    247.633132,
    244.663289,
    246.209196,
    241.774343,
    241.949156,
    239.6107,
    234.334473,
    232.129004,
    229.419042,
    231.37059,
    226.949738,
    228.624568,
    222.91778,
    219.737742,
    224.684258,
    219.518137,
    216.7911,
    213.832544,
    214.832174,
    211.279392,
    213.179414,
    208.139981,
    205.081593,
    198.032513,
    195.683777,
    193.50331,
    192.259743,
    190.707671,
    191.044809,
    189.158857,
    186.15645,
    186.960831,
    184.386814,
    179.186594,
    178.206346,
    176.834027,
    175.941405
  ],
  "val_loss": [
    12251.353215,
    9505.350886,
    6592.196092,
    3895.761047,
    1789.728239,
    692.795101,
    591.566083,
    541.684923,
    503.711851,
    503.606773,
    477.400067,
    452.068083,
    457.542486,
    432.603384,
    439.320422,
    420.646054,
    418.867614,
    395.033919,
    399.113957,
    388.622908,
    396.158388,
    475.789161,
    427.615853,
    408.196585,
    386.528042,
    409.877949,
    357.516702,
    352.006267,
    360.976256,
    339.243255,
    336.617015,
    345.849815,
    349.275957,
    341.681457,
    342.663504,
    340.307193,
    368.502851,
    330.948341,
    317.561996,
    315.213139,
    315.532782,
    314.241198,
    311.737303,
    309.105654,
    315.594023,
    308.641314,
    316.923493,
    307.617887,
    306.653456,
    307.43678,
    307.883968,
    301.696516,
    303.574697,
    301.126566,
    309.982503,
    309.841287,
    299.947601,
    318.144512,
    320.164806,
    305.735337,
    311.432373,
    303.527882,
    310.350125,
    303.065826,
    304.236474,
    302.191456,
    296.420278,
    302.051448,
    306.012531,
    308.156787,
    305.042994,
    309.713657,
    309.557881,
    313.099168,
    306.962127,
    303.916053,
    308.156057
  ],
  "best_epoch": 67
}