{
  "train_loss": [
    11763.833557,
    4919.584351,
    765.368315,
    590.289591,
    478.209346,
    417.863995,
    394.845654,
    382.492669,
    379.747355,
    355.220246,
    352.574391,
    346.829403,
    343.451135,
    340.499442,
    335.493632,
    337.484266,
    341.65003,
    330.346261,
    332.290729,
    331.388292,
    329.75891,
    332.749434,
    334.838565,
    324.755288,
    328.160838,
    334.416782,
    326.8215,
    327.63943,
    326.537903,
    330.21328,
    326.579239,
    326.0105,
    324.952005,
    320.329891,
    326.141114,
    319.615913,
    318.033122,
    315.097274,
    315.672162,
    317.911525,
    322.732453,
    315.606042,
    315.098717,
    313.801377,
    314.941834,
    315.018329,
    315.692194,
    315.382313,
    314.694129,
    316.730622,
    312.441438,
    312.194892,
    308.823317,
    305.983129,
    310.524439,
    307.893831,
    308.009084,
    306.045342,
    308.775533,
    305.867051,
    305.688209,
    306.999328,
    303.964328,
    306.679892,
    303.841731,
    305.220289,
    302.223616,
    302.037159,
    302.111706,
    302.727904
  ],
  "val_loss": [
    9714.911471,
    1914.009058,
    659.919391,
    568.699419,
    450.298923,
    407.602535,
    372.87492,
    366.603882,
    340.864207,
    325.831472,
    335.546094,
    317.005396,
    324.919214,
    306.776809,
    306.145443,
    336.662155,
    310.878398,
    328.585058,
    299.967004,
    304.451528,
    304.560117,
    313.693049,
    302.172022,
    306.328612,
    294.908965,
    293.683881,
    301.099109,
    295.356845,
    292.745321,
    322.994012,
    297.913865,
    310.426981,
    293.804674,
    342.553025,
    300.619341,
    310.954447,
    290.896052,
    291.675684,
    300.917558,
    291.05834,
    289.550711,
    292.263942,
    309.133215,
    299.066305,
    294.697222,
    288.453181,
    336.712557,
    296.071381,
    290.297682,
    289.341198,
    289.331244,
    297.033256,
    298.844041,
    291.141379,
    287.722774,
    300.911147,
    288.60929,
    295.162911,
    300.089175,
    287.628045,
    300.671176,
    290.284927,
    290.924718,
    295.142514,
    292.972151,
    291.514057,
    315.341905,
    307.026451,
    295.328439,
    288.888914
  ],
  "best_epoch": 60
}