{
  "15min": {
    "val_rmse": [
      25.290027401156266,
      24.058204517096133,
      22.885906196234885,
      21.794024001010776,
      20.75883578434889,
      19.788561090391713,
      18.862127188755743,
      18.010861055553487,
      17.210621812233406,
      16.453249241326727,
      15.729623382980511,
      15.06997722621704,
      14.451766269383691,
      13.883176009052676,
      13.330357182732472,
      12.836658480024687,
      12.368867024524251,
      11.940974465874943,
      11.53514043792712,
      11.173159361355204,
      10.829796950921642,
      10.512793601220498,
      10.2178327620953,
      9.947975588425054,
      9.707064932969866,
      9.484730529337403,
      9.287868233052405,
      9.10911911803398,
      8.946334474146603,
      8.802031616663045,
      8.666804383421502,
      8.545621869193528,
      8.441035850807067,
      8.338634955372184,
      8.254052293011416,
      8.179864752470644,
      8.118257967261172,
      8.058392383901024,
      8.001570956947617,
      7.956005498737702,
      7.916536242376265,
      7.875326778601074,
      7.8489618777031,
      7.82013698721501,
      7.79265127175374,
      7.773238292439479,
      7.755860894929884,
      7.743051123173509,
      7.725964886644412,
      7.712653970026784,
      7.7007309278484595,
      7.688545162072475,
      7.684252629927432,
      7.678756506885495,
      7.671515762692466,
      7.664361227339061,
      7.661787888862779,
      7.6582856299162225,
      7.655831119970154,
      7.654648191277881,
      7.6565288471218045,
      7.655707115229506,
      7.65430323332752,
      7.6563960556443265,
      7.652131161103223,
      7.64771198023717,
      7.649169165660202,
      7.648176374760936,
      7.653185213996034,
      7.654301627531486,
      7.654825044864941,
      7.656870838265665,
      7.660928743110854,
      7.659455940166691,
      7.657354253697319,
      7.654985302898546,
      7.6567509718850495,
      7.656123160449092,
      7.657357196360389,
      7.657607567880586,
      7.658541092993402,
      7.659971447123928,
      7.661545998858994,
      7.659318246845216,
      7.660132629697991,
      7.658507397924545
    ],
    "best_iteration": 65
  },
  "30min": {
    "val_rmse": [
      25.545546839965056,
      24.533485507411463,
      23.57620951128262,
      22.713802409071874,
      21.938741847893688,
      21.236444594777044,
      20.580922348686634,
      19.981578997438277,
      19.45354861425174,
      18.991345920150756,
      18.561073320810596,
      18.181099022491995,
      17.838772206247963,
      17.526934431724023,
      17.2626170366269,
      17.025162224649744,
      16.82666978833457,
      16.644588747077158,
      16.47045413842167,
      16.34260664222045,
      16.224784298734072,
      16.126657854031393,
      16.050481920191483,
      15.982313982847428,
      15.944485901949623,
      15.917405274091578,
      15.882855935627797,
      15.843650834404087,
      15.832090986753231,
      15.815296457454,
      15.79670448979322,
      15.771835836068679,
      15.776558439273472,
      15.803910098626439,
      15.814227145757922,
      15.818884943487003,
      15.832931955934642,
      15.853096393067226,
      15.868415113502616,
      15.873555640305723,
      15.894930356944494,
      15.909676711632343,
      15.927037785265545,
      15.940413470227021,
      15.965958156581394,
      16.003438255971062,
      16.02193083042622,
      16.042618804461842,
      16.066263161983468,
      16.083146172534192,
      16.080300364021884,
      16.09629441053372
    ],
    "best_iteration": 31
  },
  "60min": {
    "val_rmse": [
      24.613073634086877,
      24.098970458046132,
      23.735492405592293,
      23.32836597662302,
      22.985179290975168,
      22.675063005427536,
      22.42239052869527,
      22.20536313425339,
      22.118856322618,
      21.930043828863813,
      21.814035821661054,
      21.77910299866496,
      21.699390072144354,
      21.67802916521675,
      21.62622105353787,
      21.61911600655984,
      21.587469222758035,
      21.559961744784864,
      21.55436887066338,
      21.58575017290217,
      21.623662431519268,
      21.67253838807573,
      21.71845474606217,
      21.721758528009286,
      21.80669371993653,
      21.862193938025584,
      21.917887974614818,
      21.964792152641408,
      21.9712959395937,
      22.012698131465324,
      22.04407996978575,
      22.074497125586365,
      22.114086974704385,
      22.146296956108444,
      22.195683521155257,
      22.257321446424157,
      22.249421155385598,
      22.296689284381294,
      22.29844080202794
    ],
    "best_iteration": 18
  }
}